{
  "id": "",
  "name": "",
  "font_family": "iconfont",
  "css_prefix_text": "icon-",
  "description": "",
  "glyphs": [
    {
      "icon_id": "8776785",
      "name": "order_unread",
      "font_class": "icon-test",
      "unicode": "e63a",
      "unicode_decimal": 58938
    },
    {
      "icon_id": "8776998",
      "name": "phonecall",
      "font_class": "icon-test1",
      "unicode": "e643",
      "unicode_decimal": 58947
    },
    {
      "icon_id": "8777388",
      "name": "check",
      "font_class": "icon-test2",
      "unicode": "e651",
      "unicode_decimal": 58961
    },
    {
      "icon_id": "8777414",
      "name": "info",
      "font_class": "icon-test3",
      "unicode": "e654",
      "unicode_decimal": 58964
    },
    {
      "icon_id": "8777651",
      "name": "social_naver",
      "font_class": "icon-test4",
      "unicode": "e65e",
      "unicode_decimal": 58974
    },
    {
      "icon_id": "8777655",
      "name": "social_twitter",
      "font_class": "icon-test5",
      "unicode": "e65f",
      "unicode_decimal": 58975
    }
  ]
}
